{"cameraMode":{"drawMode":0,"name":"Shaded","section":"Shading Mode"},"sceneLighting":false,"audioPlay":false,"sceneViewState":{"m_AlwaysRefresh":false,"showFog":true,"showSkybox":true,"showFlares":true,"showImageEffects":true,"showParticleSystems":true,"showVisualEffectGraphs":true,"m_FxEnabled":true},"in2DMode":false,"pivot":{"x":-20.833600997924806,"y":-15.774984359741211,"z":16.637996673583986},"rotation":{"x":0.26613566279411318,"y":-0.5108227133750916,"z":0.17002464830875398,"w":0.7995837926864624},"size":34.47640609741211,"orthographic":false}